Bank Name,Bank Code,Banktype,Date,Month,Year,ATM(on-site),ATM(off-site),POS(on-line),POS(off-line),POS(Total),Micro ATMs,Bharat QR Codes,UPI QR Codes,No. of Credit Card,No.of credit card transcations via ATM,No.of credit card transcations via POS,Amount of credit card transactions via ATM(in millions),Amount of credit card transactions via POS(in millions),No.of credit card transcations via online (e-com),Amount of credit transcations via online(e-com),No.of credit card transcations via others,Amount of credit card transcations via others,No. of Debit Card,No.of debit transcations via ATM,No.of debit transcations via POS,Amount of debit card transactions via ATM(in millions),Amount of debit card transactions via POS(in millions),No.of debit transcations via Online(e-com),Amount of debit transcations via Online(e-com),No.of debit transcations via Others,Amount of debit transcations via Others
STATE BANK OF INDIA,B093,Public Sector Banks,31-01-2016,1,2016,19783.0,29216.0,289118.0,0.0,289118.0,,,,3523867,75435.0,9698167.0,350.487,25530.865,,,,,184348293,302493211.0,29712176,706067.991,32828.524,,,,
STATE BANK OF INDIA,B093,Public Sector Banks,29-02-2016,2,2016,20043.0,29261.0,296310.0,0.0,296310.0,,,,3576151,77216.0,9494536.0,359.568,25113.364,,,,,186970791,296735275.0,28469070,689132.024,29445.702,,,,
STATE BANK OF INDIA,B093,Public Sector Banks,31-03-2016,3,2016,20403.0,29321.0,302119.0,0.0,302119.0,,,,3620042,84905.0,10132120.0,405.767,26973.335,,,,,189341852,308423127.0,30331224,702058.746,29956.264,,,,
STATE BANK OF INDIA,B093,Public Sector Banks,30-04-2016,4,2016,20306.0,29418.0,307895.0,0.0,307895.0,,,,3669236,80320.0,10427528.0,375.215,27561.948,,,,,191393900,309235327.0,32648530,694301.321,33188.207,,,,
STATE BANK OF INDIA,B093,Public Sector Banks,31-05-2016,5,2016,20285.0,29495.0,312024.0,0.0,312024.0,,,,3721651,87382.0,11111412.0,385.395,29574.021,,,,,193461984,307780252.0,44189363,660952.247,34014.943,,,,
STATE BANK OF INDIA,B093,Public Sector Banks,30-06-2016,6,2016,20317.0,29504.0,312024.0,0.0,312024.0,,,,3789086,84408.0,10916154.0,376.989,28605.492,,,,,196766988,306314844.0,29679487,664653.376,35813.528,,,,
STATE BANK OF INDIA,B093,Public Sector Banks,31-07-2016,7,2016,20419.0,29496.0,310744.0,0.0,310744.0,,,,3863854,88246.0,11429744.0,408.4,29553.302,,,,,202702641,316701872.0,32500690,656769.121,39541.564,,,,
STATE BANK OF INDIA,B093,Public Sector Banks,31-08-2016,8,2016,20254.0,29501.0,329222.0,0.0,329222.0,,,,3933015,96905.0,12353739.0,436.759,32690.593,,,,,204259667,313547386.0,32387787,645292.946,38590.962,,,,
STATE BANK OF INDIA,B093,Public Sector Banks,30-09-2016,9,2016,23189.0,26826.0,335647.0,0.0,335647.0,,,,4010397,88937.0,11451368.0,397.043,30372.922,,,,,212298475,305250811.0,30151707,657467.554,35650.495,,,,
STATE BANK OF INDIA,B093,Public Sector Banks,31-10-2016,10,2016,23307.0,26732.0,342689.0,0.0,342689.0,,,,4078269,87692.0,13392916.0,398.129,41200.4,,,,,233255330,328010804.0,35307605,770889.431,57147.139,,,,
STATE BANK OF INDIA,B093,Public Sector Banks,30-11-2016,11,2016,23331.0,26750.0,359100.0,0.0,359100.0,,,,4149193,77006.0,14385053.0,227.492,35517.357,,,,,233565648,245593806.0,62698077,450531.996,79544.029,,,,
STATE BANK OF INDIA,B093,Public Sector Banks,31-12-2016,12,2016,23333.0,26777.0,391316.0,0.0,391316.0,,,,4245105,73441.0,16059643.0,153.4,43106.8,,,,,236699081,300709118.0,114336498,348816.0,152923.6,,,,
STATE BANK OF INDIA,B093,Public Sector Banks,31-01-2017,1,2017,23334.0,26776.0,431430.0,0.0,431430.0,,,,4355603,82462.0,14885382.0,285.387,45960.697,,,,,239467117,331354227.0,80992775,545192.493,124376.163,,,,
STATE BANK OF INDIA,B093,Public Sector Banks,28-02-2017,2,2017,23271.0,26917.0,466806.0,0.0,466806.0,,,,4461656,81145.0,12644258.0,348.9,41168.9,,,,,217407059,314787987.0,63025579,646648.0,91189.9,,,,
STATE BANK OF INDIA,B093,Public Sector Banks,31-03-2017,3,2017,23161.0,27027.0,509113.0,0.0,509113.0,,,,4569048,92846.0,14605626.0,397.4,49042.3,,,,,218879742,307490694.0,69407825,793090.2,89397.5,,,,
STATE BANK OF INDIA,B093,Public Sector Banks,30-04-2017,4,2017,29254.0,29544.0,619026.0,0.0,619026.0,,,,4680725,87077.0,14723747.0,370.88,49485.26,,,,,262646087,326949447.0,83277547,897964.44,117207.29,,,,
STATE BANK OF INDIA,B093,Public Sector Banks,31-05-2017,5,2017,29150.0,29917.0,594037.0,0.0,594037.0,,,,4807860,98169.0,16002036.0,403.0,55724.9,,,,,264888637,320809290.0,79695542,894155.5,114597.0,,,,
STATE BANK OF INDIA,B093,Public Sector Banks,30-06-2017,6,2017,28981.0,30310.0,605535.0,0.0,605535.0,,,,4932698,99015.0,15517077.0,400.9,60048.8,,,,,265434590,327674875.0,76443770,948792.6,117213.5,,,,
STATE BANK OF INDIA,B093,Public Sector Banks,31-07-2017,7,2017,28737.0,30476.0,613270.0,0.0,613270.0,,,,4975317,110375.0,16071405.0,429.8,56846.2,,,,,266494994,347873356.0,74954333,951057.0,103999.9,,,,
STATE BANK OF INDIA,B093,Public Sector Banks,31-08-2017,8,2017,28525.0,30675.0,625872.0,0.0,625872.0,,,,5090095,121311.0,17368773.0,467.5,62498.9,,,,,268750262,355890702.0,77272254,984277.6,105828.6,,,,
STATE BANK OF INDIA,B093,Public Sector Banks,30-09-2017,9,2017,28952.0,29964.0,641938.0,0.0,641938.0,,,,5255704,121328.0,17136661.0,473.0,67454.3,,,,,272097218,346794275.0,77245776,1009282.1,116265.3,,,,
STATE BANK OF INDIA,B093,Public Sector Banks,31-10-2017,10,2017,28703.0,30067.0,651297.0,0.0,651297.0,,,,5412156,126549.0,18823489.0,485.7,74961.9,,,,,274956279,349373556.0,79941223,1047545.6,123073.1,,,,
STATE BANK OF INDIA,B093,Public Sector Banks,30-11-2017,11,2017,28626.0,30276.0,634747.0,0.0,634747.0,,,,5641724,127071.0,17301631.0,480.632,71454.219,,,,,275083261,342563742.0,77749867,1037696.339,108061.058,,,,
STATE BANK OF INDIA,B093,Public Sector Banks,31-12-2017,12,2017,28435.0,30558.0,633640.0,0.0,633640.0,,,,5750415,131212.0,19212446.0,493.8,75409.8,,,,,278246603,360648020.0,83961854,1089293.1,120138.2,,,,
STATE BANK OF INDIA,B093,Public Sector Banks,31-01-2018,1,2018,26507.0,32582.0,630068.0,0.0,630068.0,,,,5909429,139998.0,20209552.0,516.31,61644.81,,,,,276790651,351515682.0,88809837,1039989.3,124974.4,,,,
STATE BANK OF INDIA,B093,Public Sector Banks,28-02-2018,2,2018,26505.0,32680.0,630836.0,0.0,630836.0,,,,6065830,124015.0,17889710.0,468.607,58942.419,,,,,279403266,343309307.0,81363638,1003147.383,109765.717,,,,
STATE BANK OF INDIA,B093,Public Sector Banks,31-03-2018,3,2018,26579.0,32962.0,609789.0,0.0,609789.0,,,,6258360,141238.0,20229099.0,540.16,70230.237,,,,,278467823,365769871.0,92932626,1050673.255,126023.258,,,,
STATE BANK OF INDIA,B093,Public Sector Banks,30-04-2018,4,2018,26343.0,32949.0,613877.0,0.0,613877.0,,,,6357785,129941.0,21245813.0,511.29,75460.647,,,,,279796198,362428635.0,94602321,1065905.246,139835.281,,,,
STATE BANK OF INDIA,B093,Public Sector Banks,31-05-2018,5,2018,26336.0,32997.0,618452.0,0.0,618452.0,,,,6472514,131352.0,21861288.0,518.262,78523.618,,,,,282976998,352751599.0,97390937,1065286.199,141697.305,,,,
STATE BANK OF INDIA,B093,Public Sector Banks,30-06-2018,6,2018,26389.0,33209.0,623113.0,0.0,623113.0,,,,6596823,125495.0,20793632.0,490.923,76095.291,,,,,289001785,353080704.0,98849506,1085676.957,145557.349,,,,
STATE BANK OF INDIA,B093,Public Sector Banks,31-07-2018,7,2018,26428.0,33093.0,545835.0,0.0,545835.0,,,,6690424,133257.0,22880688.0,503.81,82400.299,,,,,297794966,365668653.0,100161611,1079182.345,144055.766,,,,
STATE BANK OF INDIA,B093,Public Sector Banks,31-08-2018,8,2018,26428.0,33093.0,551934.0,0.0,551934.0,,,,6851249,135549.0,22484822.0,513.505,82038.843,,,,,307029951,376155878.0,101375836,1107891.89,147288.202,,,,
STATE BANK OF INDIA,B093,Public Sector Banks,30-09-2018,9,2018,26428.0,33093.0,559395.0,0.0,559395.0,,,,7030584,128934.0,21279558.0,489.386,77835.1,,,,,309251292,373352071.0,100932242,1065682.821,132594.844,,,,
STATE BANK OF INDIA,B093,Public Sector Banks,31-10-2018,10,2018,25889.0,32840.0,566448.0,0.0,566448.0,,,,7199778,147533.0,25146139.0,562.107,96882.983,,,,,320197282,412820794.0,109692050,1163185.825,163533.429,,,,
STATE BANK OF INDIA,B093,Public Sector Banks,30-11-2018,11,2018,25804.0,32749.0,574359.0,0.0,574359.0,,,,7306243,134426.0,22856602.0,519.327,89811.325,,,,,323092753,402154648.0,108956285,1068189.111,166493.844,,,,
STATE BANK OF INDIA,B093,Public Sector Banks,31-12-2018,12,2018,25625.0,32725.0,577288.0,0.0,577288.0,,,,7525239,149456.0,24963924.0,570.602,92899.142,,,,,311046955,457980402.0,108354686,1066365.182,153355.018,,,,
STATE BANK OF INDIA,B093,Public Sector Banks,31-01-2019,1,2019,25654.0,32816.0,577986.0,0.0,577986.0,,,,7742996,149002.0,25599252.0,562.581,100833.707,,,,,305814823,447453519.0,108314800,1026932.925,149564.335,,,,
STATE BANK OF INDIA,B093,Public Sector Banks,28-02-2019,2,2019,25560.0,32816.0,579508.0,0.0,579508.0,,,,7998808,135768.0,22340028.0,522.003,85603.319,,,,,326078311,401232064.0,98839407,998075.516,133178.956,,,,
STATE BANK OF INDIA,B093,Public Sector Banks,31-03-2019,3,2019,25555.0,32860.0,575358.0,0.0,575358.0,,,,8271446,154499.0,26511681.0,595.232,94264.164,,,,,316263253,417169584.0,117614529,1090231.999,152455.432,,,,
STATE BANK OF INDIA,B093,Public Sector Banks,30-04-2019,4,2019,25583.0,32885.0,580765.0,0.0,580765.0,,,,8545759,154499.0,26511681.0,595.232,94792.482,,,,,297073038,382742667.0,118453038,1100651.296,164191.483,,,,
STATE BANK OF INDIA,B093,Public Sector Banks,31-05-2019,5,2019,25606.0,32883.0,589127.0,0.0,589127.0,,,,8734604,160944.0,28644056.0,610.929,105373.145,,,,,297165746,376403513.0,117026441,1130261.407,176121.199,,,,
STATE BANK OF INDIA,B093,Public Sector Banks,30-06-2019,6,2019,25725.0,32770.0,597848.0,0.0,597848.0,,,,8821597,136230.0,27989776.0,532.568,101575.718,,,,,302737489,371824160.0,116467790,1089019.465,170663.456,,,,
STATE BANK OF INDIA,B093,Public Sector Banks,31-07-2019,7,2019,25793.0,32841.0,608542.0,0.0,608542.0,,,,9096320,139672.0,30868693.0,539.159,112028.539,,,,,297610598,379148480.0,120758113,1077863.583,171964.432,,,,
STATE BANK OF INDIA,B093,Public Sector Banks,31-08-2019,8,2019,25667.0,32995.0,612471.0,0.0,612471.0,,,,9316553,137825.0,30731537.0,532.642,109046.964,,,,,299386547,376227248.0,119943764,1076303.354,164790.287,,,,
STATE BANK OF INDIA,B093,Public Sector Banks,30-09-2019,9,2019,25588.0,32979.0,687594.0,0.0,687594.0,,,,9459539,129487.0,30517577.0,495.39,110687.87,,,,,299731806,365578263.0,117214405,1029705.45,165868.27,,,,
STATE BANK OF INDIA,B093,Public Sector Banks,31-10-2019,10,2019,25602.0,32935.0,750252.0,0.0,750252.0,,,,9624676,127093.0,37478893.0,497.072,129564.38,,,,,301526410,384048289.0,128425371,1155085.019,211611.045,,,,
STATE BANK OF INDIA,B093,Public Sector Banks,30-11-2019,11,2019,25602.0,32947.0,651506.0,0.0,651506.0,,,,9830207,122962.0,33578094.0,475.405,107013.879,,,,,304546712,198440048.0,118973129,1009325.941,165381.231,,,,
STATE BANK OF INDIA,B093,Public Sector Banks,31-12-2019,12,2019,25651.0,32948.0,660588.0,0.0,660588.0,,,,10032444,163065.0,37420377.0,617.416,114774.947,,,,,271093942,205695935.0,125631811,1039488.99,175048.784,,,,
STATE BANK OF INDIA,B093,Public Sector Banks,31-01-2020,1,2020,25594.0,32910.0,664587.0,0.0,664587.0,,,,10237289,158211.0,38128452.0,608.3,122294.3,,,,,274093023,205938180.0,130968859,1044926.9,179980.0,,,,
STATE BANK OF INDIA,B093,Public Sector Banks,29-02-2020,2,2020,25650.0,32977.0,672360.0,0.0,672360.0,,,,10458089,140256.0,34830409.0,547.2,106667.1,,,,,276834397,194144902.0,120343002,995536.2,166367.9,,,,
STATE BANK OF INDIA,B093,Public Sector Banks,31-03-2020,3,2020,25634.0,32921.0,672862.0,0.0,672862.0,,,,10547502,125814.0,31230912.0,5.036,953.302,,,,,278133593,170888905.0,104990278,8850.193,1390.533,,,,
STATE BANK OF INDIA,B093,Public Sector Banks,30-04-2020,4,2020,25622.0,32915.0,663408.0,0.0,663408.0,,,,10499091,48867.0,14706871.0,1.97,408.935,,,,,278771154,102060804.0,65277589,5207.095,699.807,,,,
STATE BANK OF INDIA,B093,Public Sector Banks,31-05-2020,5,2020,25625.0,32930.0,663741.0,0.0,663741.0,56483.0,344066.0,,10503381,61992.0,20198275.0,2.477,632.498,,,,,280629930,142322921.0,82365182,7744.426,1142.556,,,,
STATE BANK OF INDIA,B093,Public Sector Banks,30-06-2020,6,2020,25619.0,32963.0,669474.0,0.0,669474.0,56483.0,351171.0,,10602103,68781.0,24651496.0,2.69,867.094,,,,,283597379,161061267.0,90882407,8907.512,1414.57,,,,
STATE BANK OF INDIA,B093,Public Sector Banks,31-07-2020,7,2020,25641.0,32910.0,674781.0,0.0,,56483.0,349069.0,,10708235,72002.0,26197289.0,2.784,928.823,,,,,284587786,155979127.0,95575488,8729.917,1464.509,,,,
STATE BANK OF INDIA,B093,Public Sector Banks,31-08-2020,8,2020,25531.0,33120.0,684228.0,0.0,,56483.0,370257.0,,10823143,78442.0,28568486.0,3.021,1038.679,,,,,286349373,161891974.0,102434515,8873.883,1571.671,,,,
STATE BANK OF INDIA,B093,Public Sector Banks,30-09-2020,9,2020,25597.0,33165.0,701523.0,0.0,,56483.0,367141.0,,11008947,84190.0,29940318.0,3.25,991.545,,,,,288910959,167229727.0,103799486,8705.004,1560.269,,,,
STATE BANK OF INDIA,B093,Public Sector Banks,31-10-2020,10,2020,25609.0,33062.0,723369.0,0.0,,56483.0,389009.0,,11148749,92653.0,34350333.0,3.595,1316.185,,,,,291869747,189364448.0,117723650,9521.72,2184.48,,,,
STATE BANK OF INDIA,B093,Public Sector Banks,30-11-2020,11,2020,25569.0,32583.0,733091.0,0.0,,56483.0,403391.0,,11295428,86833.0,32828658.0,3.399,1250.136,,,,,294579425,188565861.0,109721320,9579.249,1925.715,,,,
STATE BANK OF INDIA,B093,Public Sector Banks,31-12-2020,12,2020,25254.0,32635.0,763330.0,0.0,,56483.0,417514.0,,11490041,92486.0,33745890.0,3.569,1213.407,,,,,294528525,192388076.0,112916097,9625.769,1840.951,,,,
STATE BANK OF INDIA,B093,Public Sector Banks,31-01-2021,1,2021,25472.0,33592.0,763716.0,0.0,,40049.0,432890.0,,11641581,92774.0,34593004.0,3.447,1214.309,,,,,292716565,194335246.0,110437041,9592.761,1795.037,,,,
STATE BANK OF INDIA,B093,Public Sector Banks,28-02-2021,2,2021,25538.0,34426.0,766701.0,0.0,,44137.0,441582.0,,11741211,87491.0,31265977.0,3.274,1056.119,,,,,293115260,183553255.0,99000491,9083.695,1652.874,,,,
STATE BANK OF INDIA,B093,Public Sector Banks,31-03-2021,3,2021,25706.0,36911.0,747205.0,0.0,,44695.0,446193.0,,11821564,99770.0,37330306.0,3.76,1323.87,,,,,293312845,199451541.0,107968170,9788.052,1842.584,,,,
STATE BANK OF INDIA,B093,Public Sector Banks,30-04-2021,4,2021,25859.0,37696.0,745933.0,0.0,,46314.0,453238.0,,11927267,83884.0,31158736.0,3.186,1102.973,,,,,293368754,179109030.0,96117511,9129.494,1617.692,,,,
STATE BANK OF INDIA,B093,Public Sector Banks,31-05-2021,5,2021,25849.0,38017.0,745805.0,0.0,,46357.0,455032.0,,11957378,59138.0,26329230.0,2.248,1001.562,,,,,293062652,142233552.0,76383270,7357.243,1187.254,,,,
STATE BANK OF INDIA,B093,Public Sector Banks,30-06-2021,6,2021,25875.0,38031.0,742474.0,0.0,,43406.0,455896.0,,12044135,69117.0,31096314.0,2.567,1221.507,,,,,290865972,161568264.0,86689638,8274.994,1412.495,,,,
STATE BANK OF INDIA,B093,Public Sector Banks,31-07-2021,7,2021,25781.0,38147.0,736852.0,0.0,,43960.0,448476.0,,12242481,80460.0,36729081.0,2.913,1434.172,,,,,287554137,178078634.0,99860286,8907.302,1688.448,,,,
STATE BANK OF INDIA,B093,Public Sector Banks,31-08-2021,8,2021,25797.0,38259.0,751329.0,0.0,,44147.0,436384.0,,12405068,87372.0,38614961.0,3.134,1455.012,,,,,286741573,188025406.0,104012954,9155.994,1790.5,,,,
STATE BANK OF INDIA,B093,Public Sector Banks,30-09-2021,9,2021,25807.0,38315.0,756047.0,0.0,,44914.0,365529.0,,12579943,82946.0,37401539.0,2.966,1466.852,,,,,284553301,183756762.0,100466066,8931.731,1718.361,,,,
STATE BANK OF INDIA,B093,Public Sector Banks,31-10-2021,10,2021,25737.0,38485.0,760920.0,0.0,,45693.0,366751.0,,12763894,88909.0,42772625.0,3.221,1905.466,,,,,289719597,201007245.0,109711286,10079.698,2061.867,,,,
STATE BANK OF INDIA,B093,Public Sector Banks,30-11-2021,11,2021,25646.0,38618.0,765358.0,0.0,,46597.0,370096.0,,12968393,85023.0,39985842.0,3.109,1772.156,,,,,283141661,190084379.0,97514850,9485.626,1860.09,,,,
STATE BANK OF INDIA,B093,Public Sector Banks,31-12-2021,12,2021,25696.0,37910.0,821318.0,0.0,,47589.0,377084.0,,13160859,87850.0,41105605.0,3.156,1862.117,,,,,279674559,196382952.0,98894370,9698.2,1780.88,,,,
STATE BANK OF INDIA,B093,Public Sector Banks,31-01-2022,1,2022,25858.0,38096.0,833421.0,0.0,,48447.0,428563.0,,13312608,79077.0,38455423.0,2.808,1756.032,,,,,280953089,184007591.0,90580824,9091.545,1618.277,,,,
STATE BANK OF INDIA,B093,Public Sector Banks,28-02-2022,2,2022,25939.0,38589.0,883707.0,0.0,,49355.0,431846.0,,13521728,76291.0,36003792.0,2.787,1615.594,,,,,275398132,174496538.0,84499588,8787.522,1522.886,,,,
STATE BANK OF INDIA,B093,Public Sector Banks,31-03-2022,3,2022,26189.0,39350.0,,,924374.0,49913.0,472784.0,1558576.0,13766861,,22282182.0,,67147.844,20617840.0,137034098.0,0.0,0.0,275922932,,59661111,,114412.092,33511927.0,54276184.0,2552.0,28000.0
STATE BANK OF INDIA,B093,Public Sector Banks,30-04-2022,4,2022,26022.0,39304.0,,,888775.0,50853.0,479407.0,1625080.0,13946540,,22354744.0,,66806.257,19516716.0,129190603.0,0.0,0.0,279530049,,61387054,,123736.453,33216767.0,51869671.0,2231.0,24102.0
STATE BANK OF INDIA,B093,Public Sector Banks,31-05-2022,5,2022,26012.0,39456.0,,,876707.0,51206.0,482373.0,1694664.0,14148758,,22132273.0,,66135.452,22076473.0,146218839.0,0.0,0.0,278381730,,60782293,,122830.916,31798357.0,49812250.0,2377.0,29207.0
STATE BANK OF INDIA,B093,Public Sector Banks,30-06-2022,6,2022,26022.0,39548.0,,,953970.0,51544.0,518815.0,1749438.0,14315734,,23705628.0,,68309.259,18159026.0,120052406.0,0.0,0.0,274069731,,57507759,,110756.854,29873680.0,47622744.0,2132.0,26272.0
STATE BANK OF INDIA,B093,Public Sector Banks,31-07-2022,7,2022,25993.0,39646.0,,,960482.0,51824.0,523555.0,1798015.0,14534667,,23252233.0,,68104.072,18555938.0,125573667.0,0.0,0.0,274637296,,58908663,,115134.648,29102002.0,51503012.0,2035.0,25100.0
STATE BANK OF INDIA,B093,Public Sector Banks,31-08-2022,8,2022,25721.0,39969.0,,,965920.0,51926.0,534747.0,1832983.0,14830926,,24874157.0,,73273.04,19272201.0,122755469.0,0.0,0.0,277159959,,57842497,,113792.384,27311820.0,48475519.0,1995.0,25212.0
STATE BANK OF INDIA,B093,Public Sector Banks,30-09-2022,9,2022,25780.0,40016.0,,,972221.0,51806.0,541496.0,1877143.0,14828035,,23801172.0,,70734.825,20973260.0,162618118.0,0.0,0.0,275397426,,55892902,,110091.781,27362577.0,54554681.0,1904.0,23790.0
STATE BANK OF INDIA,B093,Public Sector Banks,31-10-2022,10,2022,25740.0,39971.0,,,1004792.0,51806.0,553021.0,1943936.0,15167195,,26639486.0,,85536.479,19970671.0,147487278.0,0.0,0.0,277289229,,59223251,,130191.354,25772012.0,49138829.0,1987.0,26333.0
STATE BANK OF INDIA,B093,Public Sector Banks,30-11-2022,11,2022,25740.0,39971.0,,,1014946.0,51776.0,560417.0,1983511.0,15555633,,24404384.0,,71741.335,17666810.0,138272289.0,0.0,0.0,278356488,,51962428,,105469.449,22622135.0,41265468.0,1812.0,25718.0
STATE BANK OF INDIA,B093,Public Sector Banks,31-12-2022,12,2022,25686.0,39964.0,,,1125659.0,51795.0,571649.0,2117868.0,15883906,,26966567.0,,80666.558,19196584.0,156819069.0,0.0,0.0,272999290,,53776881,,109832.329,21368886.0,41046286.0,1882.0,25410.0
STATE BANK OF INDIA,B093,Public Sector Banks,31-01-2023,1,2023,25649.0,39993.0,,,1138665.0,51935.0,577624.0,2164013.0,16210142,,27371804.0,,82482.573,20132186.0,160489331.0,0.0,0.0,273051248,,50761596,,104614.479,20653288.0,40018045.0,1739.0,24580.0
STATE BANK OF INDIA,B093,Public Sector Banks,28-02-2023,2,2023,25635.0,39993.0,,,1144642.0,51989.0,582935.0,2220361.0,16505981,,24634634.0,,75887.454,17811748.0,144503602.0,1678.0,0.0,273547554,,46991238,,95370.344,18822889.0,35812055.0,1678.0,22508.0
STATE BANK OF INDIA,B093,Public Sector Banks,31-03-2023,3,2023,25682.0,39945.0,,,1146740.0,51741.0,722771.0,2399684.0,16762444,,27322424.0,,86632.553,20206076.0,159694711.0,0.0,0.0,273903638,,49282755,,100159.94,19575152.0,38193221.0,1755.0,23109.0
STATE BANK OF INDIA,B093,Public Sector Banks,30-04-2023,4,2023,25612.0,39961.0,,,1151831.0,51655.0,739451.0,2434333.0,16856916,,27025767.0,,88374.697,18992769.0,154535268.0,0.0,0.0,273671877,,49089032,,108991.032,17821382.0,36908859.0,1924.0,
STATE BANK OF INDIA,B093,Public Sector Banks,31-05-2023,5,2023,25576.0,39961.0,,,1156307.0,52124.0,755029.0,2476109.0,17138124,,27830642.0,,89568.764,19790560.0,148460182.0,0.0,0.0,273671877,,47205596,,102254.849,16811700.0,35541348.0,1701.0,23099.0
STATE BANK OF INDIA,B093,Public Sector Banks,30-06-2023,6,2023,25899.0,39575.0,,,1154673.0,52364.0,760216.0,2481144.0,17343335,,26742951.0,,86351.603,18177378.0,163453845.0,0.0,0.0,269268640,,44401210,,95935.494,15381148.0,34412352.0,1563.0,19326.0
STATE BANK OF INDIA,B093,Public Sector Banks,31-07-2023,7,2023,25788.0,39573.0,,,1150540.0,52315.0,767871.0,2752868.0,17550747,,27125103.0,,87448.96,19799581.0,172218641.0,0.0,0.0,264868353,,44225257,,94216.0,15816442.0,38448260.0,1528.0,20732.0
STATE BANK OF INDIA,B093,Public Sector Banks,31-08-2023,8,2023,25809.0,39483.0,,,1160480.0,52775.0,779194.0,2898255.0,17779055,,28346883.0,,93963.252,21069535.0,180177760.0,0.0,0.0,261415873,,45159239,,98689.859,14530223.0,32889165.0,1352.0,18749.0
STATE BANK OF INDIA,B093,Public Sector Banks,30-09-2023,9,2023,25736.0,39424.0,,,1223092.0,53277.0,803536.0,3021111.0,17873839,,25873904.0,,85097.062,20794866.0,164569844.0,0.0,0.0,257923281,,39478488,,86389.687,12031804.0,27983340.0,1393.0,18216.0
STATE BANK OF INDIA,B093,Public Sector Banks,31-10-2023,10,2023,25629.0,39389.0,,,1234687.0,54235.0,827443.0,3165588.0,18067139,,28031535.0,,98331.879,27103421.0,255728270.0,0.0,0.0,252794722,,42557623,,98721.572,12993567.0,37801484.0,1539.0,22392.0
STATE BANK OF INDIA,B093,Public Sector Banks,30-11-2023,11,2023,25545.0,39338.0,,,1248729.0,54594.0,836027.0,3266716.0,18251184,,27126972.0,,101552.543,23061303.0,212523184.0,0.0,0.0,245706873,,39879371,,98337.75,10428419.0,25487003.0,1280.0,18056.0
STATE BANK OF INDIA,B093,Public Sector Banks,31-12-2023,12,2023,25416.0,39307.0,,,1263952.0,53269.0,846720.0,3390743.0,18476875,,27679358.0,,96132.679,25887240.0,196360264.0,0.0,0.0,226467390,,39426006,,90151.571,9645350.0,24719077.0,1298.0,17119.0
STATE BANK OF INDIA,B093,Public Sector Banks,31-01-2024,1,2024,25232.0,39236.0,,,1282632.0,53227.0,856911.0,3496334.0,18605888,,27053060.0,,95915.21,27782169.0,211023113.0,0.0,0.0,227138869,,36066509,,84960.418,9298107.0,24740022.0,1193.0,17268.0
STATE BANK OF INDIA,B093,Public Sector Banks,29-02-2024,2,2024,24990.0,39157.0,,,1315085.0,53283.0,872513.0,3886071.0,18751636,,24732876.0,,88619.796,26600794.0,143858130.0,0.0,0.0,227875320,,34110324,,79323.332,8303282.0,21105840.0,1153.0,17133.0
STATE BANK OF INDIA,B093,Public Sector Banks,31-03-2024,3,2024,24513.0,39067.0,,,1366851.0,51722.0,885613.0,3985919.0,18889005,,27197823.0,,100129.693,30239913.0,149519484.0,0.0,0.0,228683311,,35618808,,82596.313,8566644.0,22396351.0,1202.0,18391.0
STATE BANK OF INDIA,B093,Public Sector Banks,30-04-2024,4,2024,24660.0,38673.0,,,1380125.0,51268.0,888961.0,4042752.0,19003597,,26878961.0,,105228.298,29897383.0,140723571.0,0.0,0.0,229196981,,35034957,,86654.384,8243426.0,21699991.0,1089.0,15903.0
STATE BANK OF INDIA,B093,Public Sector Banks,31-05-2024,5,2024,24235.0,38570.0,,,1382550.0,51262.0,899360.0,4115457.0,19117365,,27073289.0,,109108.278,32616731.0,154646127.0,0.0,0.0,231350829,,34782372,,85738.372,8045909.0,20464315.0,1033.0,13834.0
STATE BANK OF INDIA,B093,Public Sector Banks,30-06-2024,6,2024,24103.0,38430.0,,,1395562.0,52110.0,902411.0,4174437.0,19238868,,26435033.0,,101563.848,32643416.0,151101705.0,0.0,0.0,232034018,,33223314,,79298.816,7367080.0,19631900.0,984.0,14323.0
STATE BANK OF INDIA,B093,Public Sector Banks,31-07-2024,7,2024,24172.0,38272.0,,,1419921.0,52453.0,917138.0,4246469.0,19336986,,26815131.0,,105745.52,36193727.0,163036917.0,0.0,0.0,233187477,,33512287,,81836.562,8244821.0,23134393.0,995.0,13756.0
STATE BANK OF INDIA,B093,Public Sector Banks,31-08-2024,8,2024,24233.0,38048.0,,,1444312.0,46870.0,927847.0,4317614.0,19447459,,26875475.0,,107324.947,37101963.0,157476092.0,0.0,0.0,233923363,,33451124,,83536.369,7538011.0,20631864.0,961.0,13704.0
STATE BANK OF INDIA,B093,Public Sector Banks,30-09-2024,9,2024,24713.0,37988.0,,,1445506.0,46452.0,940593.0,4375351.0,19586884,,25598172.0,,99052.399,39864931.0,178095372.0,0.0,0.0,234984596,,32023702,,75866.296,7798956.0,25641836.0,958.0,13842.0
STATE BANK OF INDIA,B093,Public Sector Banks,31-10-2024,10,2024,25447.0,37886.0,,,1467705.0,47076.0,955329.0,4433531.0,19807149,,28058099.0,,124287.833,42871025.0,194208546.0,0.0,0.0,235164783,,34770694,,93945.174,8540125.0,29469721.0,980.0,12708.0
STATE BANK OF INDIA,B093,Public Sector Banks,30-11-2024,11,2024,26037.0,37787.0,,,1490016.0,46348.0,966460.0,4446017.0,20038207,,25284366.0,,104122.002,40085585.0,147807097.0,0.0,0.0,236104368,,30051084,,77153.058,6583474.0,18576029.0,812.0,11573.0
STATE BANK OF INDIA,B093,Public Sector Banks,31-12-2024,12,2024,26468.0,37646.0,,,1480273.0,46525.0,970920.0,4584539.0,20246942,,27523011.0,,112074.0,44953793.0,170060840.0,0.0,0.0,240315298,,31287368,,78587.116,6488176.0,19458960.0,843.0,11915.0
